stock_id,data_date,open_price,close_price,volume
1,2025-09-30,213.66,215.14,204931
1,2025-10-01,213.9,211.16,114371
1,2025-10-02,212.48,214.35,102289
1,2025-10-03,212.74,213.69,102663
1,2025-10-04,213.71,210.69,71135
1,2025-10-05,211.42,212.05,427728
1,2025-10-06,211.11,211.57,365224
1,2025-10-07,212.82,210.44,487781
1,2025-10-08,211.11,214.33,256217
1,2025-10-09,213.35,210.97,490515
1,2025-10-10,209.59,207.87,107337
1,2025-10-11,207.35,205.88,199418
1,2025-10-12,206.63,209.79,371658
1,2025-10-13,211.21,207.24,105060
1,2025-10-14,208.33,208.86,381893
1,2025-10-15,208.39,212.4,173994
1,2025-10-16,210.86,213.0,183271
1,2025-10-17,214.65,217.57,552635
1,2025-10-18,216.18,213.28,216753
1,2025-10-19,214.42,213.91,137862
1,2025-10-20,212.91,211.52,199929
1,2025-10-21,212.14,214.27,94451
1,2025-10-22,213.14,214.29,450934
1,2025-10-23,214.16,211.42,211172
1,2025-10-24,211.89,217.06,408805
1,2025-10-25,216.45,213.41,503819
1,2025-10-26,212.48,215.4,74174
1,2025-10-27,215.06,218.33,94995
1,2025-10-28,219.87,216.68,475891
1,2025-10-29,217.22,215.2,276631
1,2025-10-30,215.69,219.82,144064
1,2025-10-31,218.93,216.35,376865
1,2025-11-01,217.2,217.61,278771
1,2025-11-02,217.26,221.57,191162
1,2025-11-03,220.29,225.75,370014
1,2025-11-04,224.12,219.52,125127
1,2025-11-05,218.32,214.52,463448
1,2025-11-06,213.02,212.18,257984
1,2025-11-07,212.07,213.08,188699
1,2025-11-08,214.31,219.34,66547
1,2025-11-09,217.99,219.94,355275
1,2025-11-10,220.89,223.64,251154
1,2025-11-11,223.41,219.06,332749
1,2025-11-12,219.84,214.36,512433
1,2025-11-13,214.36,211.82,157331
1,2025-11-14,210.48,210.55,378816
1,2025-11-15,211.02,208.88,399223
1,2025-11-16,208.46,205.31,150985
1,2025-11-17,206.22,206.62,333067
1,2025-11-18,206.94,211.26,357275
1,2025-11-19,212.71,207.59,579685
1,2025-11-20,206.72,209.88,197833
1,2025-11-21,211.38,215.36,109211
1,2025-11-22,216.45,218.95,490188
1,2025-11-23,217.64,217.98,400888
1,2025-11-24,218.16,217.87,190925
1,2025-11-25,218.24,218.53,162748
1,2025-11-26,219.43,224.12,482122
1,2025-11-27,223.44,220.09,450423
1,2025-11-28,219.87,221.51,340469
1,2025-11-29,220.61,220.07,85229
1,2025-11-30,220.38,218.58,181779
1,2025-12-01,216.86,217.8,435807
1,2025-12-02,216.86,218.27,69922
1,2025-12-03,216.77,220.65,199841
1,2025-12-04,220.6,218.14,362354
1,2025-12-05,219.66,215.61,400945
1,2025-12-06,214.73,215.53,306914
1,2025-12-07,214.46,217.75,113171
1,2025-12-08,217.24,218.95,282293
1,2025-12-09,219.76,219.38,408545
1,2025-12-10,219.89,221.57,86758
1,2025-12-11,221.0,219.91,111518
1,2025-12-12,218.82,216.06,314012
1,2025-12-13,214.96,211.08,334796
1,2025-12-14,212.51,209.84,310718
1,2025-12-15,211.04,214.27,113768
1,2025-12-16,215.98,211.12,576335
1,2025-12-17,209.74,204.64,531688
1,2025-12-18,203.55,207.09,346955
1,2025-12-19,208.3,208.09,81381
1,2025-12-20,206.43,202.96,288981
1,2025-12-21,203.88,201.47,315794
1,2025-12-22,202.11,199.93,470397
1,2025-12-23,200.1,205.05,510996
1,2025-12-24,204.03,203.88,165090
1,2025-12-25,204.14,208.91,396774
1,2025-12-26,208.29,203.71,89723
1,2025-12-27,203.71,204.56,513568
1,2025-12-28,203.11,203.41,320033
1,2025-12-29,202.39,198.13,422937
1,2025-12-30,199.28,194.96,307044
1,2025-12-31,196.18,192.44,206402
1,2026-01-01,191.02,191.76,95872
1,2026-01-02,192.02,191.23,334714
1,2026-01-03,190.5,188.74,430785
1,2026-01-04,187.95,189.97,279649
1,2026-01-05,190.41,186.89,332632
1,2026-01-06,187.64,185.9,94548
1,2026-01-07,186.26,181.68,413083
1,2026-01-08,180.44,184.91,193774
1,2026-01-09,183.82,183.86,233417
1,2026-01-10,184.98,188.49,280753
1,2026-01-11,188.3,186.27,363757
1,2026-01-12,186.6,188.49,511447
1,2026-01-13,187.01,188.43,507632
1,2026-01-14,189.74,190.24,106537
1,2026-01-15,189.13,193.27,129867
1,2026-01-16,194.02,197.79,151934
1,2026-01-17,198.12,195.85,465252
1,2026-01-18,196.44,194.88,528655
1,2026-01-19,194.85,192.54,540438
1,2026-01-20,192.95,188.61,572161
1,2026-01-21,187.11,185.01,495086
1,2026-01-22,186.43,182.97,154673
1,2026-01-23,183.13,185.32,300560
1,2026-01-24,184.17,184.72,422139
1,2026-01-25,184.86,188.58,566111
1,2026-01-26,188.74,187.49,289867
1,2026-01-27,186.92,183.42,537273
1,2026-01-28,182.07,186.36,282357
1,2026-01-29,185.62,182.91,115991
1,2026-01-30,183.09,181.74,278580
1,2026-01-31,182.46,186.78,207035
1,2026-02-01,188.2,191.62,544135
1,2026-02-02,191.35,188.25,162711
1,2026-02-03,187.74,189.95,290885
1,2026-02-04,191.06,193.93,532270
1,2026-02-05,192.88,190.44,459944
1,2026-02-06,191.57,187.81,343442
1,2026-02-07,188.76,186.13,323816
1,2026-02-08,187.08,185.66,179588
1,2026-02-09,186.14,183.55,287729
1,2026-02-10,184.62,183.02,486950
1,2026-02-11,183.44,181.4,282601
1,2026-02-12,182.4,184.02,239566
1,2026-02-13,182.89,186.9,219707
1,2026-02-14,188.28,185.24,213594
1,2026-02-15,185.53,181.23,274059
1,2026-02-16,180.69,182.75,401277
1,2026-02-17,181.62,186.01,420367
1,2026-02-18,184.65,181.78,313292
1,2026-02-19,183.02,178.45,398698
1,2026-02-20,179.71,181.37,468829
1,2026-02-21,180.98,182.51,92560
1,2026-02-22,183.74,187.85,444169
1,2026-02-23,188.9,187.13,459372
1,2026-02-24,187.15,190.89,463401
1,2026-02-25,190.59,189.7,212618
1,2026-02-26,188.77,189.27,407098
1,2026-02-27,189.81,193.97,166050
1,2026-02-28,193.36,194.46,352698
1,2026-03-01,193.85,197.07,181503
1,2026-03-02,197.33,196.62,404471
1,2026-03-03,196.44,194.68,433157
1,2026-03-04,194.6,191.8,521090
1,2026-03-05,192.29,194.55,217451
1,2026-03-06,194.96,195.1,227021
1,2026-03-07,196.51,192.5,201381
1,2026-03-08,191.65,193.3,164998
1,2026-03-09,191.9,188.5,341443
1,2026-03-10,189.31,190.35,301483
1,2026-03-11,190.75,189.92,157212
1,2026-03-12,189.57,191.63,282075
1,2026-03-13,192.1,189.63,58350
1,2026-03-14,190.73,194.46,122461
1,2026-03-15,193.59,196.27,523878
1,2026-03-16,196.33,200.81,90273
1,2026-03-17,202.15,202.72,116180
1,2026-03-18,203.7,203.24,407160
1,2026-03-19,203.43,203.74,218945
1,2026-03-20,205.01,209.61,437850
1,2026-03-21,210.93,214.24,308094
1,2026-03-22,214.4,217.93,151024
1,2026-03-23,217.84,220.49,203919
1,2026-03-24,221.68,224.46,214975
1,2026-03-25,224.54,227.51,418668
1,2026-03-26,227.29,224.31,468541
1,2026-03-27,223.49,221.09,236375
1,2026-03-28,219.6,223.9,149308
1,2026-03-29,224.6,221.57,465756
1,2026-03-30,221.27,218.09,249154
1,2026-03-31,217.79,218.25,161064
1,2026-04-01,217.86,221.47,513775
1,2026-04-02,222.17,223.09,515722
1,2026-04-03,223.36,227.59,345620
1,2026-04-04,227.05,221.43,533208
1,2026-04-05,222.82,221.58,509878
1,2026-04-06,222.46,221.54,347385
1,2026-04-07,222.95,226.28,342525
1,2026-04-08,226.05,222.87,72567
1,2026-04-09,223.47,222.21,489507
1,2026-04-10,221.02,219.95,306481
1,2026-04-11,221.64,226.28,385260
1,2026-04-12,225.89,220.54,411518
1,2026-04-13,219.07,220.84,292495
1,2026-04-14,220.71,216.67,87527
1,2026-04-15,216.08,213.47,316199
1,2026-04-16,214.36,212.49,266120
1,2026-04-17,214.03,211.64,295189
1,2026-04-18,210.23,207.61,66152
1,2026-04-19,206.12,208.68,256624
1,2026-04-20,207.24,204.37,435104
1,2026-04-21,202.83,198.16,212769
1,2026-04-22,196.64,193.67,145574
1,2026-04-23,193.59,191.05,121526
1,2026-04-24,190.18,190.78,427183
1,2026-04-25,190.38,188.05,403686
1,2026-04-26,188.79,189.8,114716
1,2026-04-27,188.77,191.39,236646
1,2026-04-28,189.93,186.2,247134
1,2026-04-29,187.42,188.11,254131
1,2026-04-30,188.76,187.77,93601
1,2026-05-01,188.77,189.63,183770
1,2026-05-02,190.45,186.65,574986
1,2026-05-03,187.56,189.28,501680
1,2026-05-04,190.14,194.72,276829
1,2026-05-05,195.23,195.53,87240
1,2026-05-06,195.04,195.08,496365
1,2026-05-07,195.05,194.26,286290
1,2026-05-08,194.68,199.16,573545
1,2026-05-09,198.05,197.64,144706
1,2026-05-10,199.11,201.43,209426
1,2026-05-11,202.78,203.94,477064
1,2026-05-12,203.73,203.55,436335
1,2026-05-13,202.98,203.9,185234
1,2026-05-14,202.55,205.89,324094
1,2026-05-15,205.77,203.13,408073
1,2026-05-16,202.59,204.29,329808
1,2026-05-17,203.25,206.8,183764
1,2026-05-18,206.0,204.49,208133
1,2026-05-19,205.15,209.04,224391
1,2026-05-20,209.1,209.67,153447
1,2026-05-21,210.41,206.03,357048
1,2026-05-22,205.18,205.73,306077
1,2026-05-23,205.7,207.19,492681
1,2026-05-24,206.51,201.51,312744
1,2026-05-25,200.88,202.8,381957
1,2026-05-26,202.97,201.63,242399
1,2026-05-27,202.42,201.66,230194
1,2026-05-28,201.51,200.0,223352
1,2026-05-29,198.79,196.31,166053
1,2026-05-30,197.07,195.24,482994
1,2026-05-31,194.28,196.11,470290
1,2026-06-01,196.82,196.65,451617
1,2026-06-02,195.97,196.2,103666
1,2026-06-03,195.56,198.8,270916
1,2026-06-04,197.25,194.08,372517
1,2026-06-05,192.67,189.06,90363
1,2026-06-06,189.66,190.15,118630
1,2026-06-07,190.92,192.22,109458
1,2026-06-08,192.45,196.03,340101
1,2026-06-09,195.53,195.31,77627
1,2026-06-10,196.44,194.0,120739
1,2026-06-11,193.69,196.8,100244
1,2026-06-12,197.38,198.13,133476
1,2026-06-13,198.33,194.84,238766
1,2026-06-14,194.05,190.02,399599
1,2026-06-15,190.34,192.85,513493
1,2026-06-16,193.7,194.83,261121
1,2026-06-17,194.65,194.16,365825
1,2026-06-18,193.56,198.29,449038
1,2026-06-19,199.75,195.34,120022
1,2026-06-20,194.43,198.77,189319
1,2026-06-21,197.44,195.1,192388
1,2026-06-22,193.77,190.6,58133
1,2026-06-23,191.18,190.29,307356
1,2026-06-24,189.48,187.49,455972
1,2026-06-25,188.57,186.51,94948
1,2026-06-26,187.77,189.52,497533
1,2026-06-27,189.79,192.54,526178
1,2026-06-28,192.31,196.47,393545
1,2026-06-29,195.37,192.67,210191
1,2026-06-30,191.35,194.46,154823
1,2026-07-01,194.76,197.59,538342
1,2026-07-02,196.93,197.6,118330
1,2026-07-03,196.98,196.66,264423
1,2026-07-04,196.66,201.0,363437
1,2026-07-05,201.31,200.68,283523
1,2026-07-06,201.01,203.35,69492
1,2026-07-07,204.86,200.66,568336
1,2026-07-08,200.94,204.55,69625
1,2026-07-09,205.11,210.22,229436
1,2026-07-10,211.11,211.9,146108
1,2026-07-11,212.41,212.09,198238
1,2026-07-12,212.38,208.98,431765
1,2026-07-13,210.55,213.85,333537
1,2026-07-14,213.28,211.64,425942
1,2026-07-15,210.49,206.32,307989
1,2026-07-16,205.62,207.6,279965
1,2026-07-17,207.77,211.01,324500
1,2026-07-18,210.17,205.83,129082
1,2026-07-19,205.52,210.34,379787
1,2026-07-20,208.66,212.04,377786
1,2026-07-21,210.52,210.11,326860
1,2026-07-22,210.97,209.5,398968
1,2026-07-23,208.0,207.38,194510
1,2026-07-24,208.8,209.3,285071
1,2026-07-25,209.25,213.22,75026
1,2026-07-26,213.6,218.64,208583
1,2026-07-27,217.97,220.25,61938
1,2026-07-28,218.81,219.37,501167
1,2026-07-29,219.24,223.75,129963
1,2026-07-30,222.51,224.14,450654
1,2026-07-31,224.88,222.52,290263
1,2026-08-01,224.23,227.97,201503
1,2026-08-02,226.68,226.17,152597
1,2026-08-03,226.2,230.96,142025
1,2026-08-04,230.14,234.31,531558
1,2026-08-05,233.71,237.84,528403
1,2026-08-06,239.06,239.14,198807
1,2026-08-07,240.43,243.13,385889
1,2026-08-08,243.09,249.14,153369
1,2026-08-09,249.08,248.4,229197
1,2026-08-10,248.57,249.2,294588
1,2026-08-11,250.67,256.08,487463
1,2026-08-12,255.6,252.25,551149
1,2026-08-13,250.41,253.84,488771
1,2026-08-14,255.52,255.16,252694
1,2026-08-15,255.83,254.36,502425
1,2026-08-16,252.94,254.85,73595
1,2026-08-17,256.75,251.93,257664
1,2026-08-18,253.44,258.11,322243
1,2026-08-19,259.81,254.59,67367
1,2026-08-20,254.22,257.04,428098
1,2026-08-21,255.29,261.27,545947
1,2026-08-22,260.6,266.69,490523
1,2026-08-23,264.9,263.53,231482
1,2026-08-24,265.04,269.7,284240
1,2026-08-25,270.24,276.36,529338
1,2026-08-26,276.55,276.36,375707
1,2026-08-27,276.94,270.95,235407
1,2026-08-28,272.02,278.77,332612
1,2026-08-29,279.93,286.61,499017
1,2026-08-30,286.35,291.67,475335
1,2026-08-31,289.47,286.55,237822
1,2026-09-01,285.6,289.81,275608
1,2026-09-02,288.63,287.61,273536
1,2026-09-03,288.96,289.89,142721
1,2026-09-04,290.4,285.66,283249
1,2026-09-05,284.48,286.16,372605
1,2026-09-06,285.99,280.87,209391
1,2026-09-07,281.62,281.03,479716
1,2026-09-08,280.08,279.57,341413
1,2026-09-09,279.31,274.52,262912
1,2026-09-10,273.64,280.29,325475
1,2026-09-11,280.1,282.75,224162
1,2026-09-12,282.22,277.96,339981
1,2026-09-13,277.44,271.96,275788
1,2026-09-14,274.11,275.12,210814
1,2026-09-15,276.57,269.94,306882
1,2026-09-16,270.23,267.16,446697
1,2026-09-17,269.19,272.92,408714
1,2026-09-18,274.37,277.72,219570
1,2026-09-19,276.52,280.31,522105
1,2026-09-20,280.93,278.83,397888
1,2026-09-21,279.98,276.47,497716
1,2026-09-22,277.96,280.16,403356
1,2026-09-23,280.73,275.06,82088
1,2026-09-24,274.8,272.16,381077
1,2026-09-25,270.55,268.71,215886
1,2026-09-26,268.34,266.0,166110
1,2026-09-27,266.17,261.26,277509
1,2026-09-28,262.99,263.38,491163
1,2026-09-29,265.12,260.66,343379
2,2025-09-30,511.07,523.16,270641
2,2025-10-01,522.89,530.99,100567
2,2025-10-02,534.95,525.5,461819
2,2025-10-03,529.53,535.62,538770
2,2025-10-04,534.47,542.75,522183
2,2025-10-05,540.71,538.01,119379
2,2025-10-06,539.5,538.43,408877
2,2025-10-07,537.4,531.16,420527
2,2025-10-08,527.84,539.6,203372
2,2025-10-09,540.64,540.02,347496
2,2025-10-10,540.97,536.47,415483
2,2025-10-11,539.25,527.62,489584
2,2025-10-12,526.85,521.78,132761
2,2025-10-13,517.92,506.29,363650
2,2025-10-14,504.14,494.61,382038
2,2025-10-15,494.24,485.38,459143
2,2025-10-16,486.9,497.98,393858
2,2025-10-17,499.91,498.03,134958
2,2025-10-18,499.26,509.02,563279
2,2025-10-19,508.27,508.14,197061
2,2025-10-20,507.09,495.39,334622
2,2025-10-21,493.29,492.07,244925
2,2025-10-22,493.53,483.78,388464
2,2025-10-23,484.9,494.78,95062
2,2025-10-24,492.32,489.95,118437
2,2025-10-25,492.49,503.69,115895
2,2025-10-26,504.83,509.08,387528
2,2025-10-27,505.42,517.47,267728
2,2025-10-28,514.37,507.92,380716
2,2025-10-29,510.6,503.22,379959
2,2025-10-30,500.93,493.73,191938
2,2025-10-31,490.95,486.88,386510
2,2025-11-01,489.67,477.64,150604
2,2025-11-02,477.94,489.73,561092
2,2025-11-03,490.99,483.14,71643
2,2025-11-04,482.04,473.3,530570
2,2025-11-05,471.97,465.91,155856
2,2025-11-06,463.13,457.83,295504
2,2025-11-07,459.63,460.36,303488
2,2025-11-08,459.34,458.28,367916
2,2025-11-09,458.31,449.48,429908
2,2025-11-10,451.52,441.33,466799
2,2025-11-11,441.04,441.63,67048
2,2025-11-12,441.48,431.91,305752
2,2025-11-13,429.2,427.74,435043
2,2025-11-14,424.82,433.65,107699
2,2025-11-15,431.21,427.49,124165
2,2025-11-16,428.4,423.7,367112
2,2025-11-17,422.89,427.5,394840
2,2025-11-18,427.18,427.95,372731
2,2025-11-19,429.96,428.58,112809
2,2025-11-20,429.62,437.31,518120
2,2025-11-21,439.87,441.12,281753
2,2025-11-22,439.21,438.27,231599
2,2025-11-23,437.56,444.84,490142
2,2025-11-24,444.32,435.45,462391
2,2025-11-25,438.61,433.36,449380
2,2025-11-26,430.36,439.58,569420
2,2025-11-27,439.1,430.12,512431
2,2025-11-28,432.26,437.55,375101
2,2025-11-29,440.74,431.17,404342
2,2025-11-30,428.56,425.03,250899
2,2025-12-01,428.03,436.15,312958
2,2025-12-02,437.69,445.87,230814
2,2025-12-03,444.81,447.17,367963
2,2025-12-04,444.7,444.99,304382
2,2025-12-05,442.2,436.23,546517
2,2025-12-06,433.54,434.88,200900
2,2025-12-07,437.02,438.76,508824
2,2025-12-08,440.64,442.1,385972
2,2025-12-09,443.11,445.75,66803
2,2025-12-10,446.88,449.44,432535
2,2025-12-11,447.14,442.07,456400
2,2025-12-12,445.05,451.01,259126
2,2025-12-13,453.68,442.6,414673
2,2025-12-14,439.56,443.14,467060
2,2025-12-15,439.81,442.86,465666
2,2025-12-16,441.98,442.78,291995
2,2025-12-17,441.86,438.47,454623
2,2025-12-18,441.57,437.81,387250
2,2025-12-19,434.68,425.78,154233
2,2025-12-20,422.71,428.21,102421
2,2025-12-21,429.32,424.55,331712
2,2025-12-22,423.96,426.35,170367
2,2025-12-23,423.72,429.24,304099
2,2025-12-24,430.46,422.21,416347
2,2025-12-25,423.34,423.17,74040
2,2025-12-26,426.45,420.61,87345
2,2025-12-27,419.27,409.07,192042
2,2025-12-28,410.8,416.41,223780
2,2025-12-29,413.13,409.69,471024
2,2025-12-30,407.26,405.96,337620
2,2025-12-31,405.97,410.21,527676
2,2026-01-01,409.26,412.81,276111
2,2026-01-02,409.79,417.31,68616
2,2026-01-03,414.49,413.78,217100
2,2026-01-04,414.26,415.95,435713
2,2026-01-05,414.55,417.57,277647
2,2026-01-06,416.4,406.54,559172
2,2026-01-07,406.28,415.49,486162
2,2026-01-08,412.75,421.53,576593
2,2026-01-09,421.09,412.91,300351
2,2026-01-10,412.22,412.83,215187
2,2026-01-11,410.99,416.16,504587
2,2026-01-12,416.23,409.44,124109
2,2026-01-13,407.43,408.17,463584
2,2026-01-14,409.66,406.69,507171
2,2026-01-15,404.39,407.45,110176
2,2026-01-16,405.47,398.42,416747
2,2026-01-17,400.07,393.24,101733
2,2026-01-18,394.96,388.69,348279
2,2026-01-19,389.09,388.5,358116
2,2026-01-20,391.13,390.24,352251
2,2026-01-21,393.28,396.2,232497
2,2026-01-22,397.01,404.35,148250
2,2026-01-23,404.15,403.04,389354
2,2026-01-24,401.59,397.74,85538
2,2026-01-25,395.03,392.22,308729
2,2026-01-26,389.44,388.61,494308
2,2026-01-27,389.51,385.47,539753
2,2026-01-28,386.06,378.25,292244
2,2026-01-29,378.58,377.98,471035
2,2026-01-30,375.21,379.8,520993
2,2026-01-31,377.9,379.36,378544
2,2026-02-01,377.24,376.89,83057
2,2026-02-02,378.76,377.93,497608
2,2026-02-03,379.23,376.36,333520
2,2026-02-04,373.59,376.42,446547
2,2026-02-05,376.06,374.99,331412
2,2026-02-06,374.18,376.34,207471
2,2026-02-07,377.99,375.97,423308
2,2026-02-08,377.71,379.66,405491
2,2026-02-09,378.63,375.6,364420
2,2026-02-10,374.31,377.75,461047
2,2026-02-11,380.56,387.35,418275
2,2026-02-12,386.32,393.64,409403
2,2026-02-13,396.26,399.61,227043
2,2026-02-14,400.88,410.37,303868
2,2026-02-15,411.74,404.22,108218
2,2026-02-16,403.42,399.69,499438
2,2026-02-17,397.31,394.02,446259
2,2026-02-18,395.52,402.14,464135
2,2026-02-19,399.52,407.87,468652
2,2026-02-20,406.97,405.53,246923
2,2026-02-21,408.45,404.66,246173
2,2026-02-22,404.58,413.75,199372
2,2026-02-23,411.46,421.86,246553
2,2026-02-24,419.17,426.51,517747
2,2026-02-25,428.13,429.11,331971
2,2026-02-26,427.98,418.21,534284
2,2026-02-27,418.86,421.45,137343
2,2026-02-28,423.69,416.65,514632
2,2026-03-01,419.34,422.07,450426
2,2026-03-02,421.47,420.27,413788
2,2026-03-03,423.43,428.2,403465
2,2026-03-04,429.9,425.4,309277
2,2026-03-05,423.62,418.11,523317
2,2026-03-06,420.81,426.91,169317
2,2026-03-07,429.96,427.24,295224
2,2026-03-08,425.75,425.05,253485
2,2026-03-09,424.5,424.68,135424
2,2026-03-10,426.73,433.61,138369
2,2026-03-11,430.5,438.65,347697
2,2026-03-12,439.03,447.37,119549
2,2026-03-13,447.48,452.34,125380
2,2026-03-14,454.24,449.49,209183
2,2026-03-15,449.58,448.57,494465
2,2026-03-16,451.78,450.49,170200
2,2026-03-17,453.26,460.57,72230
2,2026-03-18,459.8,457.98,253888
2,2026-03-19,461.6,455.63,272068
2,2026-03-20,454.31,448.18,112952
2,2026-03-21,449.25,457.0,529027
2,2026-03-22,453.62,445.72,552618
2,2026-03-23,448.08,447.59,451782
2,2026-03-24,447.22,451.94,57208
2,2026-03-25,448.47,457.69,189902
2,2026-03-26,458.05,465.85,490031
2,2026-03-27,465.28,467.94,477861
2,2026-03-28,466.45,461.64,81225
2,2026-03-29,462.67,456.75,415082
2,2026-03-30,453.9,453.06,316708
2,2026-03-31,449.55,451.85,333312
2,2026-04-01,453.43,455.26,209249
2,2026-04-02,456.09,454.61,180714
2,2026-04-03,452.33,454.06,412549
2,2026-04-04,457.51,448.16,99460
2,2026-04-05,448.47,458.77,547186
2,2026-04-06,459.16,470.5,305033
2,2026-04-07,467.07,475.92,291160
2,2026-04-08,474.04,485.57,69905
2,2026-04-09,482.21,478.9,186108
2,2026-04-10,479.89,485.61,497853
2,2026-04-11,487.6,489.74,124143
2,2026-04-12,490.1,479.07,562296
2,2026-04-13,481.6,485.18,433245
2,2026-04-14,486.69,485.97,385751
2,2026-04-15,483.13,475.59,478525
2,2026-04-16,475.27,481.96,226824
2,2026-04-17,484.21,477.12,80399
2,2026-04-18,475.67,471.42,277292
2,2026-04-19,471.74,483.41,218984
2,2026-04-20,484.55,473.46,236627
2,2026-04-21,475.58,472.31,415438
2,2026-04-22,469.48,465.66,258737
2,2026-04-23,464.92,463.58,286994
2,2026-04-24,462.74,472.0,171631
2,2026-04-25,471.98,472.03,468347
2,2026-04-26,474.3,474.89,435490
2,2026-04-27,474.36,472.71,494595
2,2026-04-28,471.15,463.75,116823
2,2026-04-29,464.94,455.31,245610
2,2026-04-30,456.9,455.79,140033
2,2026-05-01,454.71,459.15,77848
2,2026-05-02,462.17,467.54,406975
2,2026-05-03,465.86,477.59,558651
2,2026-05-04,474.34,485.1,453941
2,2026-05-05,485.2,483.06,458794
2,2026-05-06,486.56,491.06,134096
2,2026-05-07,492.46,501.18,319367
2,2026-05-08,497.71,486.28,542395
2,2026-05-09,485.2,488.86,368348
2,2026-05-10,486.15,474.92,338722
2,2026-05-11,473.95,484.72,531886
2,2026-05-12,481.91,471.85,282867
2,2026-05-13,472.98,470.7,187839
2,2026-05-14,467.13,478.01,175050
2,2026-05-15,477.15,477.26,345117
2,2026-05-16,479.36,470.33,482260
2,2026-05-17,474.07,472.93,203568
2,2026-05-18,476.7,481.46,167321
2,2026-05-19,484.17,475.17,329678
2,2026-05-20,476.8,469.13,108385
2,2026-05-21,472.64,480.11,245064
2,2026-05-22,481.72,485.89,361829
2,2026-05-23,488.94,490.1,505842
2,2026-05-24,491.75,483.46,473325
2,2026-05-25,485.74,489.22,334889
2,2026-05-26,493.01,486.35,515548
2,2026-05-27,488.61,479.93,72850
2,2026-05-28,480.48,477.28,310811
2,2026-05-29,477.67,485.06,416711
2,2026-05-30,481.69,491.07,299099
2,2026-05-31,492.79,505.24,391414
2,2026-06-01,504.51,502.4,363164
2,2026-06-02,506.2,495.55,451847
2,2026-06-03,495.28,484.87,375244
2,2026-06-04,487.81,484.15,486605
2,2026-06-05,484.83,486.21,462838
2,2026-06-06,485.69,497.14,93972
2,2026-06-07,497.29,505.67,237680
2,2026-06-08,504.23,495.92,477540
2,2026-06-09,499.47,492.75,356694
2,2026-06-10,495.48,505.4,210449
2,2026-06-11,509.09,501.51,217010
2,2026-06-12,499.92,490.7,378389
2,2026-06-13,491.8,481.94,418062
2,2026-06-14,479.28,489.99,466088
2,2026-06-15,493.14,496.35,238820
2,2026-06-16,496.86,505.51,549872
2,2026-06-17,502.12,511.39,443383
2,2026-06-18,509.47,516.51,178285
2,2026-06-19,515.82,522.85,426990
2,2026-06-20,526.11,513.9,398423
2,2026-06-21,517.65,512.35,328031
2,2026-06-22,514.87,508.45,289149
2,2026-06-23,504.98,500.0,87825
2,2026-06-24,499.33,490.93,332985
2,2026-06-25,491.77,484.63,238725
2,2026-06-26,483.23,492.1,265002
2,2026-06-27,489.19,500.95,291263
2,2026-06-28,497.8,498.31,178194
2,2026-06-29,496.46,495.76,181990
2,2026-06-30,492.2,483.5,286955
2,2026-07-01,482.86,491.79,153507
2,2026-07-02,495.21,503.11,482714
2,2026-07-03,505.22,500.63,333852
2,2026-07-04,500.37,512.92,254249
2,2026-07-05,509.55,509.63,256476
2,2026-07-06,513.43,513.72,163516
2,2026-07-07,510.01,512.28,204537
2,2026-07-08,515.41,515.42,393097
2,2026-07-09,513.66,518.23,58154
2,2026-07-10,517.66,526.79,215280
2,2026-07-11,529.01,535.18,264407
2,2026-07-12,531.33,519.4,406456
2,2026-07-13,519.84,512.05,99168
2,2026-07-14,511.65,508.88,352903
2,2026-07-15,512.86,507.36,441650
2,2026-07-16,504.34,507.29,105385
2,2026-07-17,509.68,507.12,236934
2,2026-07-18,506.03,507.63,128824
2,2026-07-19,507.71,500.21,349064
2,2026-07-20,496.52,485.24,501173
2,2026-07-21,485.04,481.13,308284
2,2026-07-22,484.15,475.79,140320
2,2026-07-23,476.65,472.69,144197
2,2026-07-24,473.57,471.16,511720
2,2026-07-25,469.93,465.35,522066
2,2026-07-26,465.27,465.63,347248
2,2026-07-27,467.98,463.42,262050
2,2026-07-28,460.53,456.77,285903
2,2026-07-29,458.94,460.99,445647
2,2026-07-30,461.94,470.67,417786
2,2026-07-31,474.19,473.72,464115
2,2026-08-01,474.31,485.64,201644
2,2026-08-02,486.29,491.81,152054
2,2026-08-03,493.55,494.28,461558
2,2026-08-04,491.5,500.02,463335
2,2026-08-05,500.6,494.29,459369
2,2026-08-06,490.48,481.05,247450
2,2026-08-07,480.38,478.57,161642
2,2026-08-08,480.67,478.65,307247
2,2026-08-09,480.46,489.55,95163
2,2026-08-10,489.7,494.87,373156
2,2026-08-11,496.16,491.96,347550
2,2026-08-12,495.55,492.64,304681
2,2026-08-13,491.39,501.66,275139
2,2026-08-14,504.61,509.19,436442
2,2026-08-15,510.76,514.56,391884
2,2026-08-16,518.33,518.07,197081
2,2026-08-17,515.78,517.43,211283
2,2026-08-18,519.12,526.31,457483
2,2026-08-19,524.77,530.29,252489
2,2026-08-20,533.98,535.74,439682
2,2026-08-21,532.5,526.62,440514
2,2026-08-22,529.95,531.25,261860
2,2026-08-23,535.11,543.78,532997
2,2026-08-24,539.79,530.4,483480
2,2026-08-25,534.0,522.91,459366
2,2026-08-26,522.74,516.52,170783
2,2026-08-27,514.63,523.21,390643
2,2026-08-28,520.17,525.42,402879
2,2026-08-29,523.23,529.68,84168
2,2026-08-30,529.94,534.59,411445
2,2026-08-31,531.17,524.22,246517
2,2026-09-01,520.87,526.68,494601
2,2026-09-02,530.59,521.12,151767
2,2026-09-03,524.75,522.46,309881
2,2026-09-04,519.94,519.5,201959
2,2026-09-05,520.71,516.2,484424
2,2026-09-06,516.82,506.35,384117
2,2026-09-07,509.19,515.41,76351
2,2026-09-08,512.73,523.47,571093
2,2026-09-09,526.98,518.59,550656
2,2026-09-10,518.55,516.02,459941
2,2026-09-11,519.54,531.69,82672
2,2026-09-12,532.27,519.36,126875
2,2026-09-13,517.99,529.23,338248
2,2026-09-14,529.6,542.7,370087
2,2026-09-15,539.52,550.17,364002
2,2026-09-16,547.47,546.75,110209
2,2026-09-17,548.77,544.28,415420
2,2026-09-18,541.54,535.12,477574
2,2026-09-19,533.37,529.17,428971
2,2026-09-20,526.42,533.34,551324
2,2026-09-21,532.54,536.38,290070
2,2026-09-22,532.83,533.39,404230
2,2026-09-23,537.5,526.78,348256
2,2026-09-24,524.65,520.17,199482
2,2026-09-25,519.73,516.85,198402
2,2026-09-26,515.21,527.05,507870
2,2026-09-27,525.04,527.1,245994
2,2026-09-28,523.41,528.6,120868
2,2026-09-29,525.72,524.96,414453
3,2025-09-30,320.41,320.4,419046
3,2025-10-01,321.37,325.65,425855
3,2025-10-02,324.58,331.28,433664
3,2025-10-03,333.7,328.98,334714
3,2025-10-04,330.29,324.5,419103
3,2025-10-05,325.55,323.43,312282
3,2025-10-06,325.0,329.12,531863
3,2025-10-07,327.79,323.11,496543
3,2025-10-08,324.6,326.1,337522
3,2025-10-09,327.16,326.23,93016
3,2025-10-10,324.21,330.91,564682
3,2025-10-11,330.94,331.67,356431
3,2025-10-12,329.89,330.43,504581
3,2025-10-13,328.41,328.68,158744
3,2025-10-14,328.62,332.13,344681
3,2025-10-15,329.77,328.81,121946
3,2025-10-16,328.58,328.74,80579
3,2025-10-17,329.65,330.56,216240
3,2025-10-18,330.01,333.63,520063
3,2025-10-19,332.13,323.81,105966
3,2025-10-20,323.01,315.61,98722
3,2025-10-21,313.38,313.97,87479
3,2025-10-22,313.83,321.4,239220
3,2025-10-23,322.79,321.26,468623
3,2025-10-24,322.44,324.66,285307
3,2025-10-25,326.69,324.58,299892
3,2025-10-26,326.7,332.68,283100
3,2025-10-27,335.15,328.05,389095
3,2025-10-28,329.94,323.83,128829
3,2025-10-29,324.02,318.76,369825
3,2025-10-30,321.2,315.15,561083
3,2025-10-31,312.75,304.93,247724
3,2025-11-01,306.0,305.37,276787
3,2025-11-02,306.95,307.39,181804
3,2025-11-03,305.69,305.04,151376
3,2025-11-04,306.13,312.77,128105
3,2025-11-05,313.58,306.19,442612
3,2025-11-06,308.07,312.11,64312
3,2025-11-07,309.95,305.87,399406
3,2025-11-08,306.35,299.15,497448
3,2025-11-09,297.93,303.42,83983
3,2025-11-10,302.13,300.6,170554
3,2025-11-11,301.93,305.71,135856
3,2025-11-12,304.68,304.69,477762
3,2025-11-13,305.06,311.36,411010
3,2025-11-14,312.21,313.69,226349
3,2025-11-15,315.58,311.37,438400
3,2025-11-16,310.94,311.21,195630
3,2025-11-17,313.44,306.51,512563
3,2025-11-18,307.13,313.39,318686
3,2025-11-19,311.12,311.93,235391
3,2025-11-20,312.79,319.64,542924
3,2025-11-21,320.64,320.97,266248
3,2025-11-22,320.34,314.66,508686
3,2025-11-23,313.36,313.9,170453
3,2025-11-24,314.94,311.75,510795
3,2025-11-25,309.54,308.91,270684
3,2025-11-26,309.19,316.37,142640
3,2025-11-27,315.13,313.32,233433
3,2025-11-28,315.43,317.69,522426
3,2025-11-29,317.87,315.76,510548
3,2025-11-30,314.59,309.67,453697
3,2025-12-01,307.39,308.95,91733
3,2025-12-02,310.24,305.35,483966
3,2025-12-03,303.96,306.51,170228
3,2025-12-04,305.7,311.29,66532
3,2025-12-05,309.74,305.22,489955
3,2025-12-06,307.66,301.72,347614
3,2025-12-07,302.67,308.88,487830
3,2025-12-08,310.94,306.29,380057
3,2025-12-09,305.22,302.45,315883
3,2025-12-10,301.76,302.22,189382
3,2025-12-11,304.07,301.88,311267
3,2025-12-12,304.21,298.04,344123
3,2025-12-13,297.19,301.02,172649
3,2025-12-14,300.61,298.61,363259
3,2025-12-15,299.76,305.17,66938
3,2025-12-16,307.29,303.56,387985
3,2025-12-17,302.56,305.84,166092
3,2025-12-18,305.25,302.6,520760
3,2025-12-19,302.84,298.94,451249
3,2025-12-20,300.2,297.7,326512
3,2025-12-21,298.38,305.29,364097
3,2025-12-22,306.42,305.77,238655
3,2025-12-23,306.85,301.72,346942
3,2025-12-24,303.6,298.74,435893
3,2025-12-25,298.86,305.64,578810
3,2025-12-26,307.82,313.1,455278
3,2025-12-27,310.62,303.55,144308
3,2025-12-28,302.25,307.37,477805
3,2025-12-29,305.99,300.6,329848
3,2025-12-30,301.16,299.2,420412
3,2025-12-31,301.17,307.65,463754
3,2026-01-01,305.23,304.99,341356
3,2026-01-02,302.63,301.23,444454
3,2026-01-03,303.53,300.06,64386
3,2026-01-04,301.01,300.99,275896
3,2026-01-05,302.96,307.54,118948
3,2026-01-06,307.66,314.04,205570
3,2026-01-07,314.17,309.28,536923
3,2026-01-08,310.74,308.42,96882
3,2026-01-09,307.96,305.95,364302
3,2026-01-10,306.91,302.92,228861
3,2026-01-11,304.6,307.35,421092
3,2026-01-12,308.09,315.6,79615
3,2026-01-13,315.0,308.54,395510
3,2026-01-14,309.21,308.78,423112
3,2026-01-15,308.78,303.65,314368
3,2026-01-16,302.84,304.97,528069
3,2026-01-17,306.9,314.12,85910
3,2026-01-18,316.13,311.81,458190
3,2026-01-19,311.68,317.67,85839
3,2026-01-20,318.6,325.3,230135
3,2026-01-21,325.63,332.08,77894
3,2026-01-22,333.94,328.53,65758
3,2026-01-23,328.98,336.51,525787
3,2026-01-24,338.24,343.6,101795
3,2026-01-25,343.96,340.44,375480
3,2026-01-26,339.84,345.46,377560
3,2026-01-27,346.88,343.9,131855
3,2026-01-28,344.94,349.89,101574
3,2026-01-29,352.54,352.49,78239
3,2026-01-30,350.98,343.86,104444
3,2026-01-31,345.34,342.52,385891
3,2026-02-01,344.02,342.18,68334
3,2026-02-02,343.74,345.98,301161
3,2026-02-03,345.18,344.96,248114
3,2026-02-04,345.95,344.71,407758
3,2026-02-05,346.21,344.07,214985
3,2026-02-06,345.24,350.33,103966
3,2026-02-07,349.65,345.53,504432
3,2026-02-08,346.86,349.12,227289
3,2026-02-09,346.84,344.36,223716
3,2026-02-10,345.8,344.78,106037
3,2026-02-11,343.06,336.69,327675
3,2026-02-12,336.76,337.66,106379
3,2026-02-13,336.87,328.83,117654
3,2026-02-14,330.32,331.87,261381
3,2026-02-15,331.41,323.27,548607
3,2026-02-16,325.34,318.53,206968
3,2026-02-17,316.84,317.93,256438
3,2026-02-18,316.75,311.46,216209
3,2026-02-19,309.28,309.12,279059
3,2026-02-20,308.13,304.62,502258
3,2026-02-21,303.41,296.94,209882
3,2026-02-22,296.92,300.15,405760
3,2026-02-23,298.26,293.67,235570
3,2026-02-24,293.18,285.89,588874
3,2026-02-25,287.28,288.96,233163
3,2026-02-26,288.64,287.72,493982
3,2026-02-27,289.91,295.07,138646
3,2026-02-28,295.55,292.55,448220
3,2026-03-01,291.68,287.27,290131
3,2026-03-02,286.31,292.96,491449
3,2026-03-03,295.16,297.07,483769
3,2026-03-04,296.48,292.6,528022
3,2026-03-05,291.97,296.09,384642
3,2026-03-06,298.45,293.92,161872
3,2026-03-07,294.15,296.77,461994
3,2026-03-08,297.76,297.14,284575
3,2026-03-09,298.71,303.1,96406
3,2026-03-10,304.54,309.34,297874
3,2026-03-11,307.55,310.16,222915
3,2026-03-12,310.95,306.88,469456
3,2026-03-13,306.27,305.04,294627
3,2026-03-14,304.94,312.37,310822
3,2026-03-15,314.48,314.97,417732
3,2026-03-16,312.63,311.3,246633
3,2026-03-17,312.86,315.95,389954
3,2026-03-18,313.86,315.97,477547
3,2026-03-19,316.8,312.75,151224
3,2026-03-20,310.47,312.7,410448
3,2026-03-21,312.2,314.91,475544
3,2026-03-22,316.4,313.68,112806
3,2026-03-23,312.47,304.77,380406
3,2026-03-24,305.05,308.76,450479
3,2026-03-25,308.49,309.6,262374
3,2026-03-26,310.49,309.86,418667
3,2026-03-27,309.09,309.04,62955
3,2026-03-28,308.03,307.71,95803
3,2026-03-29,309.88,303.88,143542
3,2026-03-30,303.11,300.76,489826
3,2026-03-31,300.68,296.22,335211
3,2026-04-01,297.27,291.23,333852
3,2026-04-02,290.3,287.62,509844
3,2026-04-03,285.43,288.38,248920
3,2026-04-04,289.2,291.29,144031
3,2026-04-05,292.41,298.64,375188
3,2026-04-06,297.02,292.13,388749
3,2026-04-07,291.95,290.82,482718
3,2026-04-08,289.36,287.93,401003
3,2026-04-09,287.45,289.66,463446
3,2026-04-10,288.26,289.85,376419
3,2026-04-11,287.55,286.49,167431
3,2026-04-12,287.64,283.36,530473
3,2026-04-13,283.71,287.86,524044
3,2026-04-14,286.42,291.69,253460
3,2026-04-15,289.89,285.45,450885
3,2026-04-16,285.57,290.7,440378
3,2026-04-17,290.18,287.42,275267
3,2026-04-18,286.72,287.92,509751
3,2026-04-19,286.41,285.75,410530
3,2026-04-20,284.83,287.71,402294
3,2026-04-21,288.5,289.75,221616
3,2026-04-22,288.85,283.28,168490
3,2026-04-23,281.65,279.82,266886
3,2026-04-24,278.2,277.01,259750
3,2026-04-25,276.95,275.84,342431
3,2026-04-26,276.48,279.1,151517
3,2026-04-27,279.05,279.77,126090
3,2026-04-28,281.3,276.85,422192
3,2026-04-29,276.22,270.01,64928
3,2026-04-30,268.69,268.44,253205
3,2026-05-01,268.46,274.64,366483
3,2026-05-02,274.6,273.31,438276
3,2026-05-03,273.26,277.85,105899
3,2026-05-04,279.17,280.03,169713
3,2026-05-05,279.02,276.07,359937
3,2026-05-06,277.31,274.33,376357
3,2026-05-07,275.5,278.79,370536
3,2026-05-08,279.11,279.21,190998
3,2026-05-09,280.66,284.47,268660
3,2026-05-10,285.64,286.18,455357
3,2026-05-11,286.4,289.48,296414
3,2026-05-12,291.01,285.17,515158
3,2026-05-13,286.88,283.21,73750
3,2026-05-14,282.52,281.76,488503
3,2026-05-15,283.41,277.51,130132
3,2026-05-16,276.34,280.1,526731
3,2026-05-17,280.94,284.23,462200
3,2026-05-18,283.9,285.42,388955
3,2026-05-19,284.08,278.9,181597
3,2026-05-20,279.22,283.43,368798
3,2026-05-21,283.61,280.45,239240
3,2026-05-22,279.52,286.16,416886
3,2026-05-23,287.8,284.4,444530
3,2026-05-24,282.75,287.15,498510
3,2026-05-25,289.07,293.15,217444
3,2026-05-26,291.4,296.7,136950
3,2026-05-27,297.7,293.92,533559
3,2026-05-28,295.54,291.75,282095
3,2026-05-29,292.11,291.91,191964
3,2026-05-30,291.32,293.13,94043
3,2026-05-31,294.92,296.83,103947
3,2026-06-01,298.02,296.52,430917
3,2026-06-02,295.9,302.3,358820
3,2026-06-03,299.89,297.25,488018
3,2026-06-04,295.32,300.39,330262
3,2026-06-05,301.34,303.31,521722
3,2026-06-06,303.48,296.8,193122
3,2026-06-07,298.34,305.27,366858
3,2026-06-08,306.88,303.27,248431
3,2026-06-09,301.48,302.14,505602
3,2026-06-10,301.38,301.11,410832
3,2026-06-11,298.92,302.78,417437
3,2026-06-12,302.59,306.83,128044
3,2026-06-13,305.15,311.65,338631
3,2026-06-14,313.93,306.04,187470
3,2026-06-15,308.04,315.62,467706
3,2026-06-16,317.51,314.31,209292
3,2026-06-17,313.61,307.17,108508
3,2026-06-18,309.16,307.12,143990
3,2026-06-19,307.74,300.79,508450
3,2026-06-20,299.51,302.44,424501
3,2026-06-21,300.48,294.28,188600
3,2026-06-22,292.56,292.16,170395
3,2026-06-23,291.91,292.14,54570
3,2026-06-24,293.62,296.44,292258
3,2026-06-25,296.33,299.15,182985
3,2026-06-26,300.26,298.45,108700
3,2026-06-27,297.82,291.85,240031
3,2026-06-28,293.13,287.76,510083
3,2026-06-29,288.41,293.76,465101
3,2026-06-30,293.9,288.6,62299
3,2026-07-01,287.05,288.58,244117
3,2026-07-02,289.18,292.34,140686
3,2026-07-03,292.88,298.98,328883
3,2026-07-04,297.0,302.29,117307
3,2026-07-05,300.47,295.01,495669
3,2026-07-06,297.2,295.42,225167
3,2026-07-07,294.23,298.46,432578
3,2026-07-08,298.71,292.45,425730
3,2026-07-09,291.44,294.61,447865
3,2026-07-10,296.25,289.19,247847
3,2026-07-11,289.68,285.36,166663
3,2026-07-12,284.43,287.9,86288
3,2026-07-13,289.25,293.31,195151
3,2026-07-14,291.49,291.36,313012
3,2026-07-15,289.36,291.31,59355
3,2026-07-16,293.33,300.42,142239
3,2026-07-17,302.05,300.29,283293
3,2026-07-18,301.16,299.08,474755
3,2026-07-19,301.42,300.92,89418
3,2026-07-20,298.84,291.57,223970
3,2026-07-21,293.54,289.31,517219
3,2026-07-22,288.32,286.8,441520
3,2026-07-23,286.41,286.38,418376
3,2026-07-24,287.02,285.57,345337
3,2026-07-25,284.55,286.15,222037
3,2026-07-26,288.08,281.96,554097
3,2026-07-27,281.18,276.28,407251
3,2026-07-28,277.76,279.58,428349
3,2026-07-29,278.73,280.67,294962
3,2026-07-30,282.23,285.42,87634
3,2026-07-31,287.36,283.64,122295
3,2026-08-01,284.13,283.42,216419
3,2026-08-02,284.14,286.45,151323
3,2026-08-03,287.4,281.88,481985
3,2026-08-04,281.86,274.93,277409
3,2026-08-05,276.17,276.44,431209
3,2026-08-06,275.87,272.5,486406
3,2026-08-07,271.49,275.26,124316
3,2026-08-08,273.19,276.85,523846
3,2026-08-09,276.95,275.92,193442
3,2026-08-10,276.26,279.14,97953
3,2026-08-11,279.19,279.09,79301
3,2026-08-12,279.39,279.33,243161
3,2026-08-13,280.55,275.69,399499
3,2026-08-14,274.0,276.33,468283
3,2026-08-15,274.32,274.39,56559
3,2026-08-16,274.27,270.71,276777
3,2026-08-17,269.32,274.93,582822
3,2026-08-18,276.27,269.8,503830
3,2026-08-19,269.45,272.64,239456
3,2026-08-20,274.46,270.95,239976
3,2026-08-21,269.12,266.0,268270
3,2026-08-22,266.74,261.61,89542
3,2026-08-23,262.89,258.62,83687
3,2026-08-24,256.84,262.63,346791
3,2026-08-25,263.77,268.55,243759
3,2026-08-26,268.78,266.41,57998
3,2026-08-27,265.52,263.74,486158
3,2026-08-28,264.25,261.62,316653
3,2026-08-29,263.59,261.81,479704
3,2026-08-30,262.78,266.36,373209
3,2026-08-31,265.27,268.68,58824
3,2026-09-01,266.63,272.35,391199
3,2026-09-02,273.83,271.68,58489
3,2026-09-03,269.51,275.54,465234
3,2026-09-04,276.59,274.83,221981
3,2026-09-05,274.96,269.47,202822
3,2026-09-06,271.45,270.32,128821
3,2026-09-07,268.56,271.35,185618
3,2026-09-08,271.44,276.78,483182
3,2026-09-09,276.59,282.02,511433
3,2026-09-10,280.19,274.33,140096
3,2026-09-11,273.86,275.69,379580
3,2026-09-12,275.4,276.29,121572
3,2026-09-13,275.23,271.56,238118
3,2026-09-14,271.09,276.82,568303
3,2026-09-15,276.02,279.21,210435
3,2026-09-16,281.19,277.4,134467
3,2026-09-17,277.77,281.61,146012
3,2026-09-18,281.39,275.79,248809
3,2026-09-19,275.95,274.61,471504
3,2026-09-20,273.76,269.71,211307
3,2026-09-21,267.94,272.62,539479
3,2026-09-22,274.04,276.54,445678
3,2026-09-23,275.28,276.65,518995
3,2026-09-24,274.84,272.43,192805
3,2026-09-25,271.98,278.3,89731
3,2026-09-26,277.23,279.64,150956
3,2026-09-27,279.21,272.61,341343
3,2026-09-28,272.83,273.54,101750
3,2026-09-29,274.87,274.3,125340
4,2025-09-30,245.07,240.47,528427
4,2025-10-01,239.05,244.86,575467
4,2025-10-02,245.58,244.4,402933
4,2025-10-03,244.74,239.69,554721
4,2025-10-04,241.6,236.5,179607
4,2025-10-05,236.29,241.08,136594
4,2025-10-06,242.42,237.51,550857
4,2025-10-07,235.77,233.83,310974
4,2025-10-08,235.41,230.16,326550
4,2025-10-09,229.77,233.51,73963
4,2025-10-10,233.23,231.9,246316
4,2025-10-11,230.74,227.49,218921
4,2025-10-12,226.21,225.63,379524
4,2025-10-13,224.72,226.09,214741
4,2025-10-14,227.48,227.5,301401
4,2025-10-15,226.7,221.76,143210
4,2025-10-16,222.26,221.4,482479
4,2025-10-17,221.87,222.19,476028
4,2025-10-18,220.48,221.0,255234
4,2025-10-19,220.5,223.64,373744
4,2025-10-20,223.08,226.26,386021
4,2025-10-21,225.85,225.92,144597
4,2025-10-22,226.27,220.94,77670
4,2025-10-23,221.93,226.35,93599
4,2025-10-24,226.25,229.78,267010
4,2025-10-25,231.62,234.74,148129
4,2025-10-26,235.33,230.67,219840
4,2025-10-27,231.74,232.17,442870
4,2025-10-28,234.01,228.85,194138
4,2025-10-29,230.62,231.53,261649
4,2025-10-30,232.79,231.13,521148
4,2025-10-31,230.16,226.44,244733
4,2025-11-01,227.16,230.67,404722
4,2025-11-02,231.41,225.99,412767
4,2025-11-03,226.22,226.97,152661
4,2025-11-04,228.1,231.98,349952
4,2025-11-05,230.77,231.3,71170
4,2025-11-06,230.31,225.63,191503
4,2025-11-07,225.55,220.17,266637
4,2025-11-08,219.12,223.73,138359
4,2025-11-09,222.58,220.84,500080
4,2025-11-10,220.22,224.04,70034
4,2025-11-11,224.78,220.85,141617
4,2025-11-12,222.08,225.16,268098
4,2025-11-13,224.7,229.91,470823
4,2025-11-14,228.45,227.29,216639
4,2025-11-15,229.02,227.03,464200
4,2025-11-16,228.09,233.24,360642
4,2025-11-17,232.02,233.79,365643
4,2025-11-18,235.4,237.71,499019
4,2025-11-19,238.34,236.67,503715
4,2025-11-20,235.94,232.15,463813
4,2025-11-21,230.95,228.62,55063
4,2025-11-22,230.26,235.46,301470
4,2025-11-23,236.48,240.67,396727
4,2025-11-24,241.06,235.46,562109
4,2025-11-25,234.41,239.93,411756
4,2025-11-26,239.91,235.2,258753
4,2025-11-27,234.22,237.13,239144
4,2025-11-28,238.59,234.67,109215
4,2025-11-29,235.31,239.13,488537
4,2025-11-30,238.92,243.58,218527
4,2025-12-01,244.33,240.83,260598
4,2025-12-02,239.32,236.44,55538
4,2025-12-03,236.21,230.91,318476
4,2025-12-04,232.33,237.82,366801
4,2025-12-05,237.25,241.82,284792
4,2025-12-06,241.74,236.96,408904
4,2025-12-07,237.67,239.5,143620
4,2025-12-08,240.65,240.1,68746
4,2025-12-09,239.4,236.99,113377
4,2025-12-10,235.74,230.75,288575
4,2025-12-11,229.19,225.34,112089
4,2025-12-12,227.09,225.28,322351
4,2025-12-13,225.03,227.37,425318
4,2025-12-14,228.79,224.99,149934
4,2025-12-15,224.39,219.41,176130
4,2025-12-16,219.6,218.64,447864
4,2025-12-17,219.2,219.68,209491
4,2025-12-18,218.1,215.27,386043
4,2025-12-19,215.24,215.81,80237
4,2025-12-20,215.56,214.09,215546
4,2025-12-21,214.52,218.03,341321
4,2025-12-22,216.37,213.16,156152
4,2025-12-23,214.79,216.3,315156
4,2025-12-24,215.64,219.38,294247
4,2025-12-25,220.77,220.48,190892
4,2025-12-26,220.64,216.16,170772
4,2025-12-27,215.75,214.4,155260
4,2025-12-28,213.58,213.04,299820
4,2025-12-29,214.19,211.69,378113
4,2025-12-30,212.54,207.92,469561
4,2025-12-31,208.48,204.31,549532
4,2026-01-01,205.85,206.31,365600
4,2026-01-02,204.86,202.1,280202
4,2026-01-03,201.84,205.08,373313
4,2026-01-04,206.51,208.48,376924
4,2026-01-05,208.4,212.41,105464
4,2026-01-06,213.61,212.52,70989
4,2026-01-07,213.88,213.94,470661
4,2026-01-08,215.59,216.4,131108
4,2026-01-09,217.29,213.2,161819
4,2026-01-10,212.06,216.86,190233
4,2026-01-11,215.56,218.92,305874
4,2026-01-12,219.56,214.97,181950
4,2026-01-13,215.4,220.8,584865
4,2026-01-14,220.16,221.24,448157
4,2026-01-15,219.71,224.29,295792
4,2026-01-16,224.48,225.15,511008
4,2026-01-17,225.0,222.51,61465
4,2026-01-18,222.95,226.18,361520
4,2026-01-19,224.78,227.98,143092
4,2026-01-20,228.3,224.32,510022
4,2026-01-21,222.89,228.11,125112
4,2026-01-22,226.65,227.4,205265
4,2026-01-23,228.78,233.02,304778
4,2026-01-24,233.6,230.88,382467
4,2026-01-25,229.17,230.45,203117
4,2026-01-26,230.89,229.81,422214
4,2026-01-27,228.11,230.36,241420
4,2026-01-28,228.7,230.91,322330
4,2026-01-29,232.38,237.3,70886
4,2026-01-30,238.42,236.53,226568
4,2026-01-31,236.49,233.93,450931
4,2026-02-01,235.7,237.92,182266
4,2026-02-02,239.72,235.38,323243
4,2026-02-03,234.71,237.96,480016
4,2026-02-04,238.51,237.56,153286
4,2026-02-05,239.13,238.47,269279
4,2026-02-06,239.46,242.38,270063
4,2026-02-07,242.44,246.37,150640
4,2026-02-08,247.2,241.87,306588
4,2026-02-09,243.23,238.84,398441
4,2026-02-10,237.66,232.1,577775
4,2026-02-11,230.46,227.05,75312
4,2026-02-12,228.57,228.11,426200
4,2026-02-13,227.63,224.24,328319
4,2026-02-14,224.72,224.82,115327
4,2026-02-15,223.89,225.95,328851
4,2026-02-16,224.79,225.88,310440
4,2026-02-17,225.34,226.35,140618
4,2026-02-18,225.48,229.32,551824
4,2026-02-19,228.53,230.73,272081
4,2026-02-20,232.03,226.85,540925
4,2026-02-21,228.14,233.48,462329
4,2026-02-22,232.39,229.23,434178
4,2026-02-23,227.47,226.48,475133
4,2026-02-24,227.14,232.48,354733
4,2026-02-25,233.03,237.86,425747
4,2026-02-26,236.81,240.41,413820
4,2026-02-27,239.66,243.35,473940
4,2026-02-28,243.06,244.83,261822
4,2026-03-01,244.67,249.01,187735
4,2026-03-02,249.72,249.34,487981
4,2026-03-03,249.68,251.26,56583
4,2026-03-04,251.91,252.1,495019
4,2026-03-05,252.35,256.67,410817
4,2026-03-06,255.84,257.28,111466
4,2026-03-07,256.6,256.41,196130
4,2026-03-08,257.89,259.75,197667
4,2026-03-09,261.63,263.71,416509
4,2026-03-10,262.23,259.64,487075
4,2026-03-11,257.8,254.49,550726
4,2026-03-12,254.9,258.79,444746
4,2026-03-13,257.3,255.02,67835
4,2026-03-14,257.05,259.09,197814
4,2026-03-15,258.69,264.0,507824
4,2026-03-16,264.88,258.77,414505
4,2026-03-17,258.12,262.24,478150
4,2026-03-18,262.38,258.78,512174
4,2026-03-19,260.6,260.33,239959
4,2026-03-20,261.77,261.91,492800
4,2026-03-21,262.15,264.26,217151
4,2026-03-22,262.69,257.44,215245
4,2026-03-23,257.69,260.63,159315
4,2026-03-24,262.29,268.2,463891
4,2026-03-25,267.58,262.13,511929
4,2026-03-26,261.79,266.7,257227
4,2026-03-27,267.06,265.39,307814
4,2026-03-28,265.26,269.97,436846
4,2026-03-29,271.88,273.06,90368
4,2026-03-30,271.73,271.4,113927
4,2026-03-31,270.88,275.9,237032
4,2026-04-01,277.54,276.38,133371
4,2026-04-02,275.05,270.11,302567
4,2026-04-03,271.81,278.47,346764
4,2026-04-04,280.09,275.14,165002
4,2026-04-05,275.08,278.96,423822
4,2026-04-06,278.13,284.94,96171
4,2026-04-07,283.91,276.92,537479
4,2026-04-08,277.26,281.1,147794
4,2026-04-09,282.28,282.18,96436
4,2026-04-10,281.88,276.7,315567
4,2026-04-11,278.76,277.46,260344
4,2026-04-12,277.61,270.78,518326
4,2026-04-13,268.67,267.01,229764
4,2026-04-14,267.15,270.62,65571
4,2026-04-15,271.17,273.61,193442
4,2026-04-16,275.26,271.53,236743
4,2026-04-17,271.03,266.04,411403
4,2026-04-18,264.19,261.67,79610
4,2026-04-19,260.8,258.21,465878
4,2026-04-20,258.31,258.61,279970
4,2026-04-21,260.66,265.76,265629
4,2026-04-22,265.72,272.35,531813
4,2026-04-23,274.3,270.08,534406
4,2026-04-24,268.9,267.65,447357
4,2026-04-25,266.41,272.91,73492
4,2026-04-26,271.47,272.73,251198
4,2026-04-27,274.0,276.94,267856
4,2026-04-28,275.85,281.09,380533
4,2026-04-29,281.52,283.29,78942
4,2026-04-30,283.99,286.33,64337
4,2026-05-01,284.57,278.19,333716
4,2026-05-02,278.4,276.78,312645
4,2026-05-03,275.48,278.3,443117
4,2026-05-04,277.41,279.27,418098
4,2026-05-05,279.36,273.83,436139
4,2026-05-06,272.24,273.72,506636
4,2026-05-07,273.77,279.27,433939
4,2026-05-08,277.55,272.29,121740
4,2026-05-09,272.76,272.77,458045
4,2026-05-10,272.88,269.69,170298
4,2026-05-11,269.3,267.43,141529
4,2026-05-12,267.41,261.29,187961
4,2026-05-13,261.21,263.71,186189
4,2026-05-14,264.44,257.91,129220
4,2026-05-15,258.6,262.98,145547
4,2026-05-16,264.16,270.13,105522
4,2026-05-17,268.41,271.45,200865
4,2026-05-18,271.27,273.27,217309
4,2026-05-19,271.3,268.14,520671
4,2026-05-20,266.17,261.88,228409
4,2026-05-21,262.62,260.83,288277
4,2026-05-22,259.14,262.27,490790
4,2026-05-23,260.21,265.33,141848
4,2026-05-24,263.93,266.13,253266
4,2026-05-25,268.07,273.4,221005
4,2026-05-26,271.62,276.8,550140
4,2026-05-27,275.09,272.97,275860
4,2026-05-28,271.98,278.31,299191
4,2026-05-29,278.21,280.9,292054
4,2026-05-30,282.23,284.38,115919
4,2026-05-31,285.41,280.21,564473
4,2026-06-01,279.83,275.11,408271
4,2026-06-02,275.41,275.22,281303
4,2026-06-03,274.69,270.36,268049
4,2026-06-04,271.92,273.48,512070
4,2026-06-05,275.2,278.37,331231
4,2026-06-06,276.64,282.5,310639
4,2026-06-07,280.53,279.74,402223
4,2026-06-08,280.66,278.1,435035
4,2026-06-09,279.18,279.57,434278
4,2026-06-10,281.71,282.67,412137
4,2026-06-11,282.76,288.08,472682
4,2026-06-12,286.21,289.13,429282
4,2026-06-13,289.04,292.37,434565
4,2026-06-14,291.83,294.45,525067
4,2026-06-15,296.29,301.18,420306
4,2026-06-16,301.87,295.19,155673
4,2026-06-17,295.05,295.18,311047
4,2026-06-18,293.17,298.63,353636
4,2026-06-19,297.82,295.2,209633
4,2026-06-20,293.89,287.33,456443
4,2026-06-21,288.79,287.08,95645
4,2026-06-22,288.47,287.92,289229
4,2026-06-23,287.91,282.03,250977
4,2026-06-24,282.02,276.69,451923
4,2026-06-25,276.26,269.64,81966
4,2026-06-26,267.49,268.29,100011
4,2026-06-27,270.28,274.27,429592
4,2026-06-28,274.3,271.67,170630
4,2026-06-29,271.48,273.62,243140
4,2026-06-30,271.67,269.86,175781
4,2026-07-01,269.13,273.81,515226
4,2026-07-02,273.69,275.37,413948
4,2026-07-03,275.16,273.33,106483
4,2026-07-04,272.11,275.68,253012
4,2026-07-05,276.27,274.31,495981
4,2026-07-06,274.41,271.6,452353
4,2026-07-07,273.32,267.99,356304
4,2026-07-08,268.92,264.13,489354
4,2026-07-09,263.09,261.94,158069
4,2026-07-10,263.74,259.66,287656
4,2026-07-11,261.01,257.34,166781
4,2026-07-12,255.72,258.54,290822
4,2026-07-13,259.09,253.25,474874
4,2026-07-14,254.36,255.53,296727
4,2026-07-15,255.89,255.39,319299
4,2026-07-16,255.38,250.76,375588
4,2026-07-17,250.97,253.98,303436
4,2026-07-18,253.91,258.25,359812
4,2026-07-19,259.94,263.64,459641
4,2026-07-20,264.61,265.69,121145
4,2026-07-21,266.36,261.13,425656
4,2026-07-22,261.14,266.18,290521
4,2026-07-23,266.65,265.6,425987
4,2026-07-24,264.64,268.16,254162
4,2026-07-25,267.95,274.3,142647
4,2026-07-26,274.75,269.82,505851
4,2026-07-27,271.3,271.51,339297
4,2026-07-28,272.43,277.39,389761
4,2026-07-29,276.06,277.94,397732
4,2026-07-30,278.77,281.8,437549
4,2026-07-31,282.75,277.6,164085
4,2026-08-01,278.47,278.56,219641
4,2026-08-02,279.73,282.71,374248
4,2026-08-03,283.03,282.8,402409
4,2026-08-04,283.59,286.61,533037
4,2026-08-05,288.34,288.88,275480
4,2026-08-06,288.98,293.49,71129
4,2026-08-07,291.39,289.7,83371
4,2026-08-08,290.86,286.54,150334
4,2026-08-09,287.38,294.37,151451
4,2026-08-10,295.27,300.33,232793
4,2026-08-11,300.53,296.13,265932
4,2026-08-12,294.24,298.91,455455
4,2026-08-13,300.66,304.3,481877
4,2026-08-14,303.76,306.05,336982
4,2026-08-15,307.51,311.93,223898
4,2026-08-16,309.67,312.71,269677
4,2026-08-17,314.99,313.27,427096
4,2026-08-18,313.53,310.65,60980
4,2026-08-19,309.17,312.99,504796
4,2026-08-20,312.7,318.39,192725
4,2026-08-21,319.43,326.05,454160
4,2026-08-22,326.51,324.41,459727
4,2026-08-23,325.84,327.58,157904
4,2026-08-24,325.88,322.58,440969
4,2026-08-25,324.97,318.11,508944
4,2026-08-26,317.48,317.75,276533
4,2026-08-27,316.56,313.11,146073
4,2026-08-28,311.88,313.24,231097
4,2026-08-29,315.43,314.95,71804
4,2026-08-30,314.06,308.67,87182
4,2026-08-31,309.29,313.57,546539
4,2026-09-01,313.53,316.11,373375
4,2026-09-02,313.95,314.79,430014
4,2026-09-03,313.38,310.58,156878
4,2026-09-04,312.0,312.37,134827
4,2026-09-05,312.56,311.29,101381
4,2026-09-06,313.2,310.89,421230
4,2026-09-07,310.2,307.64,175381
4,2026-09-08,308.23,315.21,353193
4,2026-09-09,316.85,324.77,468477
4,2026-09-10,325.64,317.7,339026
4,2026-09-11,318.42,314.34,414185
4,2026-09-12,312.02,308.08,240348
4,2026-09-13,309.54,307.75,114492
4,2026-09-14,307.95,306.24,207080
4,2026-09-15,306.32,299.09,539684
4,2026-09-16,300.54,298.71,297421
4,2026-09-17,297.74,297.59,393153
4,2026-09-18,297.66,293.13,112516
4,2026-09-19,295.27,290.4,375804
4,2026-09-20,290.99,291.52,162847
4,2026-09-21,292.8,295.34,437763
4,2026-09-22,293.47,292.4,341576
4,2026-09-23,294.17,299.06,496943
4,2026-09-24,299.76,303.93,97589
4,2026-09-25,302.25,306.03,319853
4,2026-09-26,303.76,307.11,96184
4,2026-09-27,308.55,301.72,403239
4,2026-09-28,303.28,296.81,217259
4,2026-09-29,296.58,295.26,271393
5,2025-09-30,188.18,187.5,414765
5,2025-10-01,186.02,182.41,493953
5,2025-10-02,183.16,184.19,373071
5,2025-10-03,185.21,180.95,281289
5,2025-10-04,179.81,183.6,540645
5,2025-10-05,183.91,185.57,211813
5,2025-10-06,185.38,187.79,283822
5,2025-10-07,186.38,189.32,148643
5,2025-10-08,188.22,188.48,257793
5,2025-10-09,189.53,192.29,228455
5,2025-10-10,191.19,195.54,478680
5,2025-10-11,196.99,200.74,498266
5,2025-10-12,202.21,203.65,59015
5,2025-10-13,203.83,204.31,116788
5,2025-10-14,204.55,199.8,304262
5,2025-10-15,201.23,201.54,212358
5,2025-10-16,202.32,199.33,481573
5,2025-10-17,199.05,197.44,413861
5,2025-10-18,196.31,199.7,166704
5,2025-10-19,200.77,197.9,169209
5,2025-10-20,198.45,194.56,401813
5,2025-10-21,195.66,199.04,384535
5,2025-10-22,199.2,198.76,206006
5,2025-10-23,197.96,199.6,163676
5,2025-10-24,199.56,201.75,243088
5,2025-10-25,202.31,200.8,183260
5,2025-10-26,201.18,197.1,176040
5,2025-10-27,196.95,195.09,401232
5,2025-10-28,195.7,197.2,137869
5,2025-10-29,196.77,197.36,220990
5,2025-10-30,196.31,200.75,253000
5,2025-10-31,199.86,197.26,483384
5,2025-11-01,196.56,197.88,251336
5,2025-11-02,198.62,194.93,346480
5,2025-11-03,194.49,194.07,213782
5,2025-11-04,192.85,192.67,391410
5,2025-11-05,193.72,194.7,502747
5,2025-11-06,194.82,191.25,215534
5,2025-11-07,191.64,193.82,470643
5,2025-11-08,192.33,188.19,370318
5,2025-11-09,189.13,190.32,371274
5,2025-11-10,190.59,189.63,72010
5,2025-11-11,189.76,190.19,339018
5,2025-11-12,191.03,190.71,245072
5,2025-11-13,191.9,190.81,375424
5,2025-11-14,190.18,192.34,320325
5,2025-11-15,191.08,191.03,241239
5,2025-11-16,191.53,191.49,495344
5,2025-11-17,192.97,197.38,483570
5,2025-11-18,197.43,194.07,322582
5,2025-11-19,194.28,190.91,394731
5,2025-11-20,192.34,193.81,462578
5,2025-11-21,195.18,197.38,77626
5,2025-11-22,197.34,194.51,92486
5,2025-11-23,193.68,191.34,439245
5,2025-11-24,192.59,189.71,268052
5,2025-11-25,190.98,189.85,77852
5,2025-11-26,190.3,185.87,123530
5,2025-11-27,185.93,187.77,523332
5,2025-11-28,188.49,186.3,386232
5,2025-11-29,185.33,185.69,398738
5,2025-11-30,185.95,184.76,512911
5,2025-12-01,184.03,180.09,195440
5,2025-12-02,179.66,179.76,231853
5,2025-12-03,179.71,179.53,369587
5,2025-12-04,180.63,176.12,336692
5,2025-12-05,174.93,171.95,440109
5,2025-12-06,170.99,169.06,144435
5,2025-12-07,169.65,168.43,118482
5,2025-12-08,168.2,169.51,236975
5,2025-12-09,169.46,171.27,326835
5,2025-12-10,171.52,171.29,393551
5,2025-12-11,169.98,172.76,82129
5,2025-12-12,173.02,169.75,138879
5,2025-12-13,168.5,169.54,367330
5,2025-12-14,168.63,165.6,165133
5,2025-12-15,165.35,165.44,346961
5,2025-12-16,166.44,167.54,454394
5,2025-12-17,166.96,168.26,100871
5,2025-12-18,168.54,166.11,331555
5,2025-12-19,165.23,168.21,555492
5,2025-12-20,167.25,166.46,369015
5,2025-12-21,165.61,168.21,445634
5,2025-12-22,167.32,167.36,410233
5,2025-12-23,167.23,165.87,383137
5,2025-12-24,165.55,161.93,140181
5,2025-12-25,161.16,157.95,364414
5,2025-12-26,158.78,160.19,393679
5,2025-12-27,160.13,156.85,433318
5,2025-12-28,157.8,158.54,340953
5,2025-12-29,157.57,157.55,303156
5,2025-12-30,158.56,159.78,353157
5,2025-12-31,160.79,163.38,514933
5,2026-01-01,163.2,164.61,289233
5,2026-01-02,163.41,162.3,345557
5,2026-01-03,163.44,162.81,312101
5,2026-01-04,162.5,164.8,399529
5,2026-01-05,165.88,168.35,547329
5,2026-01-06,167.27,168.86,129361
5,2026-01-07,169.58,167.45,103394
5,2026-01-08,168.46,166.58,287790
5,2026-01-09,165.27,163.21,483554
5,2026-01-10,163.42,165.73,124447
5,2026-01-11,165.4,165.52,158566
5,2026-01-12,165.03,166.53,257377
5,2026-01-13,166.33,163.01,413923
5,2026-01-14,163.94,161.87,299532
5,2026-01-15,162.16,162.63,416380
5,2026-01-16,161.86,160.98,354199
5,2026-01-17,160.94,163.17,271221
5,2026-01-18,163.13,163.56,215250
5,2026-01-19,164.28,164.87,266149
5,2026-01-20,165.81,167.71,432019
5,2026-01-21,166.99,163.76,531855
5,2026-01-22,162.87,164.44,174997
5,2026-01-23,165.2,165.22,470318
5,2026-01-24,165.74,166.11,428059
5,2026-01-25,165.81,162.05,452996
5,2026-01-26,160.99,156.96,151467
5,2026-01-27,157.21,156.94,97532
5,2026-01-28,156.24,152.79,108219
5,2026-01-29,153.34,154.13,270770
5,2026-01-30,154.18,155.01,441357
5,2026-01-31,153.91,157.43,538971
5,2026-02-01,157.79,160.27,315359
5,2026-02-02,161.17,157.18,564887
5,2026-02-03,156.41,156.5,463261
5,2026-02-04,156.54,157.27,177875
5,2026-02-05,157.71,158.57,249028
5,2026-02-06,157.31,155.21,146688
5,2026-02-07,154.65,151.41,302912
5,2026-02-08,151.16,150.0,379120
5,2026-02-09,148.84,146.56,470121
5,2026-02-10,145.6,142.42,233998
5,2026-02-11,142.55,144.12,386938
5,2026-02-12,145.19,144.04,207283
5,2026-02-13,145.11,143.08,320693
5,2026-02-14,143.25,146.29,218570
5,2026-02-15,146.3,143.88,388275
5,2026-02-16,143.41,140.3,130658
5,2026-02-17,141.32,143.42,371451
5,2026-02-18,143.59,145.8,464814
5,2026-02-19,145.51,145.05,311238
5,2026-02-20,145.65,147.57,504851
5,2026-02-21,147.48,147.13,364411
5,2026-02-22,147.09,149.71,211541
5,2026-02-23,150.03,146.74,194575
5,2026-02-24,146.1,147.35,230267
5,2026-02-25,147.01,146.32,343218
5,2026-02-26,147.1,143.45,215921
5,2026-02-27,143.21,141.65,481298
5,2026-02-28,140.69,142.9,161671
5,2026-03-01,142.57,142.36,354921
5,2026-03-02,143.38,141.68,446823
5,2026-03-03,140.98,143.97,510527
5,2026-03-04,144.51,142.3,212324
5,2026-03-05,141.62,139.5,202565
5,2026-03-06,139.18,141.48,518956
5,2026-03-07,142.43,139.58,468899
5,2026-03-08,139.57,142.71,63092
5,2026-03-09,142.8,144.65,79611
5,2026-03-10,144.35,146.82,244832
5,2026-03-11,147.96,147.86,353131
5,2026-03-12,147.83,150.51,516091
5,2026-03-13,149.99,153.06,193736
5,2026-03-14,152.15,154.01,357440
5,2026-03-15,153.95,156.21,372642
5,2026-03-16,155.83,152.14,487452
5,2026-03-17,152.04,154.09,125318
5,2026-03-18,153.99,155.47,442975
5,2026-03-19,155.9,152.02,298473
5,2026-03-20,151.6,152.17,382411
5,2026-03-21,151.41,154.1,214539
5,2026-03-22,154.03,151.96,411377
5,2026-03-23,151.19,149.96,290009
5,2026-03-24,150.44,148.22,274176
5,2026-03-25,147.98,146.94,302450
5,2026-03-26,146.07,143.69,397840
5,2026-03-27,144.41,145.71,458725
5,2026-03-28,145.1,143.39,302724
5,2026-03-29,142.69,145.19,535230
5,2026-03-30,144.37,147.64,558029
5,2026-03-31,147.46,143.8,144420
5,2026-04-01,144.6,148.14,383931
5,2026-04-02,147.71,147.91,308544
5,2026-04-03,148.06,146.54,376354
5,2026-04-04,145.6,142.26,160502
5,2026-04-05,142.97,139.79,353330
5,2026-04-06,138.88,141.19,499034
5,2026-04-07,140.88,139.67,367346
5,2026-04-08,140.37,140.73,235174
5,2026-04-09,139.87,136.47,485309
5,2026-04-10,135.82,138.92,416283
5,2026-04-11,139.01,140.01,485525
5,2026-04-12,139.62,138.07,345746
5,2026-04-13,138.59,138.46,91782
5,2026-04-14,137.99,137.13,400248
5,2026-04-15,137.94,141.04,455392
5,2026-04-16,140.68,142.8,426946
5,2026-04-17,142.58,143.34,91120
5,2026-04-18,142.98,139.93,250956
5,2026-04-19,139.46,138.14,204622
5,2026-04-20,137.91,138.6,294514
5,2026-04-21,139.57,141.49,490739
5,2026-04-22,142.54,143.12,275692
5,2026-04-23,143.93,141.49,131210
5,2026-04-24,141.86,143.43,479036
5,2026-04-25,142.47,143.86,148218
5,2026-04-26,142.93,142.15,311076
5,2026-04-27,141.07,141.37,262529
5,2026-04-28,142.49,142.62,105239
5,2026-04-29,141.83,140.11,431636
5,2026-04-30,139.86,142.84,199230
5,2026-05-01,142.34,140.5,417604
5,2026-05-02,140.56,137.89,160619
5,2026-05-03,138.25,134.95,262608
5,2026-05-04,134.88,137.3,381199
5,2026-05-05,137.41,140.35,141568
5,2026-05-06,140.8,144.06,169298
5,2026-05-07,143.96,144.57,457664
5,2026-05-08,144.72,145.66,341294
5,2026-05-09,145.74,146.71,244432
5,2026-05-10,146.07,145.89,97896
5,2026-05-11,145.58,145.11,190990
5,2026-05-12,143.98,141.45,369816
5,2026-05-13,142.24,144.44,258793
5,2026-05-14,144.52,142.94,446595
5,2026-05-15,143.96,146.96,350070
5,2026-05-16,147.58,146.06,507029
5,2026-05-17,145.43,143.88,58368
5,2026-05-18,143.16,143.47,349697
5,2026-05-19,142.89,142.4,436540
5,2026-05-20,142.15,143.79,271328
5,2026-05-21,142.82,140.79,420985
5,2026-05-22,141.38,139.5,411093
5,2026-05-23,139.91,142.02,223287
5,2026-05-24,142.09,143.1,201820
5,2026-05-25,143.91,143.24,151056
5,2026-05-26,142.35,139.72,331389
5,2026-05-27,139.21,139.99,393328
5,2026-05-28,139.59,139.49,130496
5,2026-05-29,139.57,136.38,174406
5,2026-05-30,135.91,139.08,137111
5,2026-05-31,139.58,141.04,186456
5,2026-06-01,139.95,137.04,191123
5,2026-06-02,136.63,135.5,499940
5,2026-06-03,135.23,135.17,416657
5,2026-06-04,134.81,136.73,548462
5,2026-06-05,135.96,137.62,208284
5,2026-06-06,136.68,138.52,328471
5,2026-06-07,139.39,137.13,204613
5,2026-06-08,137.85,140.0,128127
5,2026-06-09,140.48,143.77,298930
5,2026-06-10,143.64,145.55,483056
5,2026-06-11,144.84,148.38,520626
5,2026-06-12,148.43,150.4,176170
5,2026-06-13,150.84,150.59,216469
5,2026-06-14,149.76,152.99,506112
5,2026-06-15,154.06,150.48,383061
5,2026-06-16,150.44,147.55,238395
5,2026-06-17,148.47,146.18,448647
5,2026-06-18,145.28,143.19,425844
5,2026-06-19,142.07,141.56,479893
5,2026-06-20,140.7,139.09,506383
5,2026-06-21,140.13,138.29,391947
5,2026-06-22,138.23,140.15,402829
5,2026-06-23,140.76,138.29,205731
5,2026-06-24,137.38,134.99,426502
5,2026-06-25,136.0,134.87,478273
5,2026-06-26,133.92,134.71,406428
5,2026-06-27,134.79,132.42,121275
5,2026-06-28,131.85,129.35,394855
5,2026-06-29,129.88,131.71,525711
5,2026-06-30,132.2,134.75,70638
5,2026-07-01,134.45,135.68,129480
5,2026-07-02,134.68,132.96,463414
5,2026-07-03,132.52,132.07,426831
5,2026-07-04,132.21,132.11,337144
5,2026-07-05,132.6,131.55,206657
5,2026-07-06,131.75,134.14,390019
5,2026-07-07,134.2,131.88,325094
5,2026-07-08,131.39,130.0,262871
5,2026-07-09,130.58,130.24,321814
5,2026-07-10,129.58,128.76,62851
5,2026-07-11,128.48,129.21,392229
5,2026-07-12,129.67,127.94,437366
5,2026-07-13,128.59,131.55,177132
5,2026-07-14,131.55,131.67,341578
5,2026-07-15,131.21,128.9,302132
5,2026-07-16,128.1,128.96,341807
5,2026-07-17,128.02,129.0,125257
5,2026-07-18,128.03,125.94,120023
5,2026-07-19,125.13,125.0,352256
5,2026-07-20,124.78,125.62,323515
5,2026-07-21,126.03,126.15,185645
5,2026-07-22,125.59,122.72,504280
5,2026-07-23,123.57,120.88,187188
5,2026-07-24,121.71,122.62,515374
5,2026-07-25,123.21,120.58,95768
5,2026-07-26,121.05,120.17,283635
5,2026-07-27,120.74,122.65,90750
5,2026-07-28,122.19,124.13,80373
5,2026-07-29,124.79,126.22,99157
5,2026-07-30,127.15,129.94,118623
5,2026-07-31,129.38,126.76,292829
5,2026-08-01,126.81,124.8,203267
5,2026-08-02,125.7,126.1,351552
5,2026-08-03,125.93,127.46,115564
5,2026-08-04,127.62,129.28,445651
5,2026-08-05,129.62,129.31,106556
5,2026-08-06,128.65,126.47,295878
5,2026-08-07,126.79,126.78,330089
5,2026-08-08,126.66,129.78,280952
5,2026-08-09,129.89,132.46,255136
5,2026-08-10,132.28,134.52,433776
5,2026-08-11,135.0,134.5,380113
5,2026-08-12,134.59,132.81,272812
5,2026-08-13,133.71,135.45,202247
5,2026-08-14,135.35,134.36,273266
5,2026-08-15,133.36,129.99,239442
5,2026-08-16,130.02,130.61,215728
5,2026-08-17,131.62,128.33,195117
5,2026-08-18,127.35,129.58,548209
5,2026-08-19,130.24,133.09,399805
5,2026-08-20,133.24,133.28,350426
5,2026-08-21,132.29,129.97,269692
5,2026-08-22,129.48,127.21,404932
5,2026-08-23,126.72,125.1,228698
5,2026-08-24,124.9,122.31,191163
5,2026-08-25,122.75,124.15,508232
5,2026-08-26,124.12,123.98,415409
5,2026-08-27,124.61,125.84,107871
5,2026-08-28,125.44,126.0,448603
5,2026-08-29,125.76,127.66,514518
5,2026-08-30,128.21,125.33,274256
5,2026-08-31,125.2,127.54,130121
5,2026-09-01,126.98,129.29,449321
5,2026-09-02,130.17,132.41,434869
5,2026-09-03,132.16,133.95,232570
5,2026-09-04,133.57,133.69,348722
5,2026-09-05,133.69,131.31,189393
5,2026-09-06,131.68,129.35,292107
5,2026-09-07,129.88,132.9,417002
5,2026-09-08,132.31,132.3,202031
5,2026-09-09,131.55,133.4,251621
5,2026-09-10,133.55,130.72,88701
5,2026-09-11,130.23,130.5,263308
5,2026-09-12,131.07,131.04,118551
5,2026-09-13,131.0,132.68,169622
5,2026-09-14,133.0,132.88,153920
5,2026-09-15,133.94,134.31,332024
5,2026-09-16,133.39,131.66,504761
5,2026-09-17,132.05,131.55,362690
5,2026-09-18,131.91,129.16,317371
5,2026-09-19,128.52,127.62,243612
5,2026-09-20,126.64,127.2,217187
5,2026-09-21,126.9,124.76,545501
5,2026-09-22,124.64,127.66,150938
5,2026-09-23,128.53,128.11,176934
5,2026-09-24,127.85,125.89,502072
5,2026-09-25,125.06,126.45,476710
5,2026-09-26,127.35,124.48,150436
5,2026-09-27,125.12,127.39,65499
5,2026-09-28,128.01,126.97,223636
5,2026-09-29,126.0,125.64,163151
